Iteration,Fold #,Sample ID,Actual,Raw,BNorm
1,1,4,0,0,0
1,1,9,0,0,0
1,1,11,1,0,0
1,1,13,1,0,1
1,1,22,0,0,1
1,1,38,1,0,0
1,1,39,0,0,0
1,1,48,0,0,0
1,1,49,0,0,0
1,1,54,1,0,0
1,1,56,1,0,0
1,1,60,1,0,1
1,1,73,0,0,1
1,1,88,1,0,0
1,1,89,0,0,0
1,1,92,1,0,0
1,1,100,0,0,1
1,1,101,0,0,0
1,1,104,1,0,0
1,1,111,1,0,1
1,1,112,0,0,0
1,1,116,0,0,0
1,1,124,1,0,0
1,1,127,0,0,0
1,1,139,0,0,0
1,1,146,1,0,0
1,1,159,0,0,1
1,1,161,0,0,1
1,1,163,0,0,0
1,1,167,0,0,1
1,1,175,1,0,0
1,1,179,1,0,0
1,1,183,0,0,1
1,1,185,1,0,1
1,1,187,0,0,0
1,1,188,1,0,0
1,1,192,1,0,0
1,1,194,0,0,0
1,1,199,0,0,0
1,1,203,0,0,0
1,1,205,0,0,0
1,1,207,0,0,0
1,2,1,0,0,0
1,2,2,1,0,0
1,2,3,0,0,0
1,2,8,0,0,0
1,2,15,0,0,0
1,2,26,0,0,0
1,2,32,0,0,1
1,2,34,0,0,0
1,2,43,0,0,1
1,2,46,0,0,1
1,2,47,1,0,0
1,2,51,0,0,1
1,2,55,0,0,0
1,2,57,1,0,0
1,2,61,1,0,1
1,2,62,0,0,0
1,2,66,0,0,1
1,2,68,1,0,0
1,2,75,0,0,1
1,2,81,0,0,0
1,2,86,0,0,1
1,2,90,0,0,1
1,2,106,1,0,1
1,2,110,1,0,0
1,2,118,0,0,0
1,2,122,0,0,1
1,2,128,1,0,0
1,2,130,0,0,1
1,2,132,0,0,0
1,2,135,1,0,0
1,2,138,0,0,0
1,2,140,0,0,0
1,2,142,1,0,1
1,2,147,0,0,0
1,2,149,1,0,0
1,2,156,1,0,1
1,2,165,0,0,0
1,2,174,1,0,1
1,2,177,1,0,0
1,2,197,1,0,0
1,2,201,0,0,1
1,2,204,0,0,1
1,3,0,0,0,1
1,3,5,0,0,0
1,3,10,0,0,1
1,3,12,0,0,1
1,3,14,1,0,0
1,3,27,1,0,1
1,3,28,0,0,1
1,3,33,0,0,0
1,3,40,0,0,0
1,3,44,0,0,1
1,3,52,0,0,1
1,3,59,1,0,1
1,3,64,0,0,0
1,3,69,0,0,0
1,3,70,0,0,1
1,3,72,0,0,1
1,3,79,0,0,1
1,3,83,1,0,0
1,3,84,1,0,0
1,3,91,0,0,1
1,3,107,1,0,1
1,3,113,0,0,0
1,3,119,0,0,1
1,3,123,0,0,0
1,3,125,0,0,0
1,3,131,0,0,0
1,3,137,1,0,0
1,3,144,1,0,0
1,3,148,1,0,1
1,3,151,0,0,1
1,3,158,0,0,0
1,3,160,0,0,0
1,3,166,1,0,0
1,3,170,1,0,0
1,3,178,0,0,1
1,3,181,0,0,0
1,3,182,0,0,0
1,3,189,0,0,0
1,3,191,0,0,0
1,3,195,0,0,1
1,3,202,0,0,0
1,3,208,0,0,1
1,4,16,0,0,1
1,4,17,0,0,1
1,4,18,0,0,1
1,4,19,1,0,1
1,4,20,0,0,0
1,4,24,1,0,1
1,4,30,0,0,0
1,4,35,0,0,0
1,4,36,0,0,0
1,4,41,1,0,0
1,4,45,0,0,1
1,4,50,1,0,0
1,4,53,0,0,1
1,4,63,0,0,0
1,4,67,0,0,0
1,4,71,1,0,1
1,4,80,0,0,1
1,4,93,1,0,0
1,4,95,0,0,0
1,4,96,0,0,0
1,4,97,1,0,1
1,4,98,0,0,1
1,4,102,1,0,0
1,4,103,0,0,0
1,4,108,1,0,0
1,4,114,0,0,0
1,4,115,0,0,0
1,4,117,1,0,0
1,4,121,1,0,1
1,4,133,1,0,0
1,4,145,1,0,0
1,4,150,0,0,0
1,4,162,1,0,0
1,4,164,1,0,1
1,4,171,1,0,0
1,4,173,0,0,0
1,4,176,0,0,0
1,4,184,0,0,0
1,4,186,0,0,0
1,4,190,0,0,0
1,4,193,0,0,0
1,4,198,0,0,1
1,5,6,0,0,0
1,5,7,1,0,1
1,5,21,0,0,0
1,5,23,0,0,0
1,5,25,1,0,0
1,5,29,1,0,0
1,5,31,0,0,1
1,5,37,0,0,0
1,5,42,1,0,0
1,5,58,0,0,1
1,5,65,0,0,0
1,5,74,0,0,1
1,5,76,0,0,0
1,5,77,0,0,0
1,5,78,0,0,0
1,5,82,0,0,0
1,5,85,0,0,0
1,5,87,0,0,0
1,5,94,1,0,0
1,5,99,0,0,0
1,5,105,0,0,0
1,5,109,1,0,1
1,5,120,0,0,1
1,5,126,1,0,1
1,5,129,1,0,0
1,5,134,1,0,1
1,5,136,1,0,1
1,5,141,0,0,1
1,5,143,0,0,0
1,5,152,0,0,0
1,5,153,1,0,0
1,5,154,0,0,0
1,5,155,0,0,1
1,5,157,0,0,0
1,5,168,0,0,0
1,5,169,1,0,0
1,5,172,0,0,1
1,5,180,0,0,1
1,5,196,0,0,1
1,5,200,1,0,1
1,5,206,0,0,0
2,1,3,0,0,0
2,1,6,0,0,0
2,1,7,1,0,0
2,1,9,0,0,1
2,1,11,1,0,1
2,1,15,0,0,1
2,1,29,1,0,0
2,1,32,0,0,1
2,1,41,1,0,0
2,1,44,0,0,0
2,1,51,0,0,0
2,1,58,0,0,0
2,1,59,1,0,1
2,1,63,0,0,0
2,1,65,0,0,1
2,1,68,1,0,0
2,1,71,1,0,1
2,1,85,0,0,0
2,1,86,0,0,0
2,1,94,1,0,0
2,1,96,0,0,0
2,1,98,0,0,0
2,1,108,1,0,0
2,1,123,0,0,0
2,1,128,1,0,0
2,1,131,0,0,0
2,1,133,1,0,1
2,1,134,1,0,0
2,1,139,0,0,1
2,1,140,0,0,0
2,1,146,1,0,1
2,1,161,0,0,0
2,1,165,0,0,0
2,1,169,1,0,1
2,1,172,0,0,1
2,1,173,0,0,0
2,1,182,0,0,0
2,1,191,0,0,0
2,1,193,0,0,0
2,1,199,0,0,0
2,1,202,0,0,0
2,1,203,0,0,0
2,2,1,0,0,1
2,2,8,0,0,1
2,2,12,0,0,1
2,2,20,0,0,0
2,2,23,0,0,0
2,2,36,0,0,0
2,2,39,0,0,1
2,2,43,0,0,1
2,2,50,1,0,0
2,2,56,1,0,1
2,2,57,1,0,1
2,2,72,0,0,1
2,2,74,0,0,0
2,2,75,0,0,0
2,2,87,0,0,1
2,2,89,0,0,0
2,2,92,1,0,0
2,2,95,0,0,0
2,2,100,0,0,0
2,2,104,1,0,1
2,2,106,1,0,0
2,2,112,0,0,0
2,2,121,1,0,0
2,2,124,1,0,1
2,2,129,1,0,1
2,2,135,1,0,0
2,2,136,1,0,0
2,2,145,1,0,0
2,2,147,0,0,1
2,2,150,0,0,1
2,2,154,0,0,0
2,2,155,0,0,1
2,2,159,0,0,0
2,2,160,0,0,0
2,2,164,1,0,1
2,2,166,1,0,1
2,2,174,1,0,0
2,2,178,0,0,0
2,2,180,0,0,0
2,2,192,1,0,0
2,2,198,0,0,1
2,2,204,0,0,1
2,3,0,0,0,1
2,3,14,1,0,1
2,3,24,1,0,0
2,3,25,1,0,1
2,3,26,0,0,0
2,3,27,1,0,1
2,3,30,0,0,1
2,3,31,0,0,0
2,3,33,0,0,1
2,3,34,0,0,1
2,3,35,0,0,0
2,3,38,1,0,0
2,3,40,0,0,0
2,3,48,0,0,0
2,3,49,0,0,1
2,3,54,1,0,0
2,3,55,0,0,0
2,3,67,0,0,0
2,3,69,0,0,0
2,3,70,0,0,0
2,3,73,0,0,0
2,3,81,0,0,0
2,3,82,0,0,0
2,3,88,1,0,0
2,3,93,1,0,1
2,3,107,1,0,0
2,3,109,1,0,1
2,3,113,0,0,1
2,3,114,0,0,0
2,3,115,0,0,1
2,3,116,0,0,0
2,3,120,0,0,1
2,3,137,1,0,0
2,3,138,0,0,0
2,3,141,0,0,1
2,3,143,0,0,0
2,3,144,1,0,1
2,3,148,1,0,0
2,3,175,1,0,1
2,3,188,1,0,0
2,3,201,0,0,0
2,3,205,0,0,0
2,4,2,1,0,1
2,4,4,0,0,1
2,4,13,1,0,1
2,4,19,1,0,1
2,4,22,0,0,0
2,4,46,0,0,0
2,4,47,1,0,0
2,4,53,0,0,1
2,4,62,0,0,0
2,4,64,0,0,0
2,4,76,0,0,0
2,4,78,0,0,0
2,4,79,0,0,1
2,4,83,1,0,0
2,4,84,1,0,0
2,4,97,1,0,1
2,4,99,0,0,1
2,4,101,0,0,0
2,4,102,1,0,0
2,4,105,0,0,1
2,4,111,1,0,1
2,4,117,1,0,1
2,4,125,0,0,0
2,4,142,1,0,1
2,4,152,0,0,0
2,4,153,1,0,1
2,4,162,1,0,1
2,4,163,0,0,0
2,4,167,0,0,1
2,4,168,0,0,1
2,4,170,1,0,0
2,4,176,0,0,0
2,4,177,1,0,0
2,4,179,1,0,0
2,4,183,0,0,1
2,4,185,1,0,0
2,4,186,0,0,0
2,4,187,0,0,0
2,4,194,0,0,0
2,4,196,0,0,1
2,4,200,1,0,0
2,4,208,0,0,1
2,5,5,0,0,0
2,5,10,0,0,1
2,5,16,0,0,0
2,5,17,0,0,0
2,5,18,0,0,0
2,5,21,0,0,1
2,5,28,0,0,0
2,5,37,0,0,1
2,5,42,1,0,1
2,5,45,0,0,0
2,5,52,0,0,0
2,5,60,1,0,0
2,5,61,1,0,1
2,5,66,0,0,1
2,5,77,0,0,0
2,5,80,0,0,0
2,5,90,0,0,1
2,5,91,0,0,1
2,5,103,0,0,1
2,5,110,1,0,0
2,5,118,0,0,0
2,5,119,0,0,0
2,5,122,0,0,1
2,5,126,1,0,1
2,5,127,0,0,1
2,5,130,0,0,0
2,5,132,0,0,0
2,5,149,1,0,1
2,5,151,0,0,0
2,5,156,1,0,1
2,5,157,0,0,0
2,5,158,0,0,0
2,5,171,1,0,1
2,5,181,0,0,1
2,5,184,0,0,0
2,5,189,0,0,0
2,5,190,0,0,0
2,5,195,0,0,0
2,5,197,1,0,1
2,5,206,0,0,1
2,5,207,0,0,0
3,1,9,0,0,0
3,1,13,1,0,0
3,1,15,0,0,1
3,1,18,0,0,0
3,1,21,0,0,0
3,1,24,1,0,1
3,1,25,1,0,0
3,1,27,1,0,0
3,1,31,0,0,0
3,1,32,0,0,1
3,1,35,0,0,1
3,1,42,1,0,1
3,1,46,0,0,1
3,1,60,1,0,1
3,1,71,1,0,1
3,1,73,0,0,1
3,1,74,0,0,0
3,1,86,0,0,0
3,1,96,0,0,0
3,1,107,1,0,1
3,1,109,1,0,0
3,1,119,0,0,1
3,1,121,1,0,0
3,1,132,0,0,0
3,1,135,1,0,0
3,1,136,1,0,1
3,1,137,1,0,1
3,1,143,0,0,0
3,1,144,1,0,0
3,1,147,0,0,1
3,1,161,0,0,1
3,1,164,1,0,0
3,1,178,0,0,1
3,1,180,0,0,1
3,1,186,0,0,1
3,1,187,0,0,1
3,1,188,1,0,0
3,1,192,1,0,0
3,1,193,0,0,0
3,1,199,0,0,0
3,1,204,0,0,0
3,1,205,0,0,1
3,2,19,1,0,1
3,2,23,0,0,1
3,2,26,0,0,1
3,2,40,0,0,0
3,2,41,1,0,1
3,2,47,1,0,1
3,2,49,0,0,0
3,2,51,0,0,1
3,2,53,0,0,1
3,2,55,0,0,0
3,2,56,1,0,0
3,2,61,1,0,1
3,2,77,0,0,0
3,2,81,0,0,1
3,2,83,1,0,0
3,2,85,0,0,0
3,2,87,0,0,1
3,2,89,0,0,0
3,2,99,0,0,0
3,2,101,0,0,0
3,2,103,0,0,0
3,2,113,0,0,1
3,2,114,0,0,1
3,2,115,0,0,1
3,2,120,0,0,0
3,2,128,1,0,1
3,2,133,1,0,1
3,2,134,1,0,0
3,2,149,1,0,1
3,2,152,0,0,0
3,2,157,0,0,0
3,2,160,0,0,0
3,2,166,1,0,1
3,2,173,0,0,0
3,2,174,1,0,0
3,2,179,1,0,1
3,2,184,0,0,0
3,2,195,0,1,1
3,2,201,0,0,0
3,2,202,0,0,1
3,2,206,0,0,0
3,2,208,0,0,0
3,3,1,0,0,1
3,3,2,1,0,1
3,3,3,0,0,0
3,3,11,1,0,0
3,3,12,0,0,0
3,3,17,0,0,0
3,3,22,0,0,0
3,3,28,0,0,0
3,3,29,1,0,0
3,3,36,0,0,0
3,3,37,0,0,1
3,3,39,0,0,1
3,3,52,0,0,0
3,3,59,1,0,0
3,3,63,0,0,1
3,3,66,0,0,1
3,3,67,0,0,1
3,3,76,0,0,0
3,3,80,0,0,1
3,3,84,1,0,0
3,3,90,0,0,0
3,3,95,0,0,1
3,3,100,0,0,0
3,3,104,1,0,0
3,3,111,1,0,1
3,3,112,0,0,0
3,3,123,0,0,0
3,3,129,1,0,1
3,3,139,0,0,0
3,3,146,1,0,0
3,3,154,0,0,0
3,3,162,1,0,0
3,3,163,0,0,1
3,3,169,1,0,0
3,3,170,1,0,0
3,3,171,1,0,0
3,3,177,1,0,0
3,3,190,0,0,0
3,3,191,0,0,1
3,3,196,0,0,1
3,3,198,0,0,0
3,3,207,0,0,0
3,4,6,0,0,0
3,4,8,0,0,1
3,4,10,0,0,1
3,4,14,1,0,0
3,4,20,0,0,0
3,4,30,0,0,0
3,4,33,0,0,1
3,4,34,0,0,0
3,4,38,1,0,0
3,4,43,0,0,1
3,4,57,1,0,0
3,4,58,0,0,0
3,4,62,0,0,1
3,4,65,0,0,0
3,4,68,1,0,0
3,4,70,0,0,0
3,4,72,0,0,0
3,4,82,0,0,0
3,4,91,0,0,1
3,4,92,1,0,0
3,4,94,1,0,1
3,4,97,1,0,0
3,4,98,0,0,0
3,4,108,1,0,0
3,4,110,1,0,1
3,4,116,0,0,0
3,4,117,1,0,1
3,4,124,1,0,0
3,4,126,1,0,1
3,4,127,0,0,0
3,4,131,0,0,0
3,4,141,0,0,0
3,4,142,1,0,0
3,4,145,1,0,0
3,4,148,1,0,0
3,4,156,1,0,1
3,4,158,0,0,0
3,4,159,0,0,0
3,4,165,0,0,0
3,4,176,0,0,0
3,4,182,0,0,0
3,4,194,0,0,1
3,5,0,0,0,0
3,5,4,0,0,1
3,5,5,0,0,1
3,5,7,1,0,1
3,5,16,0,0,0
3,5,44,0,0,0
3,5,45,0,0,1
3,5,48,0,0,0
3,5,50,1,0,1
3,5,54,1,0,0
3,5,64,0,0,0
3,5,69,0,0,1
3,5,75,0,0,1
3,5,78,0,0,1
3,5,79,0,0,0
3,5,88,1,0,0
3,5,93,1,0,1
3,5,102,1,0,0
3,5,105,0,0,1
3,5,106,1,0,1
3,5,118,0,0,0
3,5,122,0,0,0
3,5,125,0,0,0
3,5,130,0,0,1
3,5,138,0,0,0
3,5,140,0,0,0
3,5,150,0,0,1
3,5,151,0,0,1
3,5,153,1,0,1
3,5,155,0,0,0
3,5,167,0,0,0
3,5,168,0,0,1
3,5,172,0,0,0
3,5,175,1,0,1
3,5,181,0,0,1
3,5,183,0,0,1
3,5,185,1,0,1
3,5,189,0,0,0
3,5,197,1,0,0
3,5,200,1,0,0
3,5,203,0,0,0
4,1,1,0,0,1
4,1,2,1,0,1
4,1,4,0,0,0
4,1,5,0,0,0
4,1,12,0,0,0
4,1,13,1,0,1
4,1,17,0,0,0
4,1,24,1,0,0
4,1,30,0,0,1
4,1,33,0,0,1
4,1,36,0,0,0
4,1,38,1,0,0
4,1,43,0,0,0
4,1,51,0,0,1
4,1,64,0,0,0
4,1,65,0,0,1
4,1,87,0,0,0
4,1,95,0,0,0
4,1,101,0,0,1
4,1,105,0,0,1
4,1,112,0,0,0
4,1,116,0,0,0
4,1,125,0,0,0
4,1,128,1,0,1
4,1,134,1,0,1
4,1,141,0,0,0
4,1,144,1,0,0
4,1,145,1,0,1
4,1,146,1,0,1
4,1,149,1,0,0
4,1,154,0,0,0
4,1,157,0,0,0
4,1,175,1,0,0
4,1,180,0,0,1
4,1,182,0,0,1
4,1,183,0,0,1
4,1,185,1,0,1
4,1,187,0,0,0
4,1,188,1,0,0
4,1,196,0,0,1
4,1,199,0,0,0
4,1,207,0,0,0
4,2,7,1,0,1
4,2,15,0,0,1
4,2,19,1,0,0
4,2,22,0,0,1
4,2,28,0,0,1
4,2,29,1,0,0
4,2,34,0,0,0
4,2,37,0,0,0
4,2,42,1,0,0
4,2,46,0,0,1
4,2,47,1,0,0
4,2,49,0,0,0
4,2,66,0,0,1
4,2,81,0,0,1
4,2,86,0,0,1
4,2,89,0,0,0
4,2,102,1,0,1
4,2,118,0,0,0
4,2,120,0,0,1
4,2,122,0,0,1
4,2,126,1,0,1
4,2,131,0,0,1
4,2,138,0,0,0
4,2,139,0,0,0
4,2,142,1,0,0
4,2,150,0,0,0
4,2,153,1,0,0
4,2,159,0,0,0
4,2,160,0,0,0
4,2,163,0,0,0
4,2,165,0,0,0
4,2,168,0,0,0
4,2,169,1,0,0
4,2,170,1,0,0
4,2,172,0,0,1
4,2,178,0,0,1
4,2,179,1,0,0
4,2,186,0,0,0
4,2,190,0,0,0
4,2,191,0,0,0
4,2,192,1,0,0
4,2,194,0,0,0
4,3,10,0,0,1
4,3,16,0,0,0
4,3,23,0,0,0
4,3,25,1,0,1
4,3,26,0,0,0
4,3,27,1,0,1
4,3,32,0,0,1
4,3,44,0,0,1
4,3,45,0,0,0
4,3,54,1,0,0
4,3,56,1,0,1
4,3,58,0,0,0
4,3,62,0,0,0
4,3,63,0,0,0
4,3,67,0,0,0
4,3,68,1,0,0
4,3,71,1,0,1
4,3,72,0,0,0
4,3,77,0,0,0
4,3,78,0,0,0
4,3,79,0,0,0
4,3,83,1,0,1
4,3,84,1,0,0
4,3,97,1,0,0
4,3,115,0,0,0
4,3,119,0,0,0
4,3,129,1,0,0
4,3,136,1,0,1
4,3,137,1,0,0
4,3,147,0,0,0
4,3,148,1,0,1
4,3,156,1,0,1
4,3,158,0,0,0
4,3,162,1,0,0
4,3,167,0,0,0
4,3,174,1,0,0
4,3,181,0,0,0
4,3,193,0,0,0
4,3,195,0,0,0
4,3,200,1,0,1
4,3,201,0,0,0
4,3,202,0,0,1
4,4,0,0,0,1
4,4,8,0,0,0
4,4,11,1,0,0
4,4,14,1,0,0
4,4,18,0,0,1
4,4,21,0,0,0
4,4,41,1,0,0
4,4,50,1,0,0
4,4,59,1,0,1
4,4,60,1,0,1
4,4,73,0,0,1
4,4,75,0,0,1
4,4,76,0,0,0
4,4,80,0,0,1
4,4,82,0,0,0
4,4,85,0,0,0
4,4,88,1,0,0
4,4,99,0,0,1
4,4,100,0,0,0
4,4,103,0,0,1
4,4,106,1,0,1
4,4,108,1,0,1
4,4,109,1,0,0
4,4,110,1,0,1
4,4,111,1,0,1
4,4,114,0,0,1
4,4,123,0,0,0
4,4,127,0,0,1
4,4,130,0,0,1
4,4,132,0,0,0
4,4,135,1,0,0
4,4,143,0,0,0
4,4,152,0,0,0
4,4,155,0,0,0
4,4,173,0,0,0
4,4,176,0,0,0
4,4,177,1,0,1
4,4,184,0,0,0
4,4,197,1,0,1
4,4,198,0,0,1
4,4,204,0,0,0
4,4,208,0,0,0
4,5,3,0,0,0
4,5,6,0,0,0
4,5,9,0,0,0
4,5,20,0,0,0
4,5,31,0,0,1
4,5,35,0,0,0
4,5,39,0,0,1
4,5,40,0,0,0
4,5,48,0,0,0
4,5,52,0,0,0
4,5,53,0,0,1
4,5,55,0,0,0
4,5,57,1,0,1
4,5,61,1,0,1
4,5,69,0,0,0
4,5,70,0,0,0
4,5,74,0,0,1
4,5,90,0,0,0
4,5,91,0,0,1
4,5,92,1,0,0
4,5,93,1,0,1
4,5,94,1,0,1
4,5,96,0,0,0
4,5,98,0,0,0
4,5,104,1,0,1
4,5,107,1,0,0
4,5,113,0,0,1
4,5,117,1,0,0
4,5,121,1,0,0
4,5,124,1,0,0
4,5,133,1,0,1
4,5,140,0,0,1
4,5,151,0,0,0
4,5,161,0,0,0
4,5,164,1,0,1
4,5,166,1,0,0
4,5,171,1,0,1
4,5,189,0,0,0
4,5,203,0,0,0
4,5,205,0,0,0
4,5,206,0,0,0
5,1,2,1,0,0
5,1,9,0,0,0
5,1,13,1,0,0
5,1,15,0,0,0
5,1,16,0,0,1
5,1,17,0,0,0
5,1,21,0,0,0
5,1,26,0,0,0
5,1,32,0,0,1
5,1,35,0,0,1
5,1,38,1,0,0
5,1,44,0,0,0
5,1,45,0,0,0
5,1,46,0,0,0
5,1,47,1,0,0
5,1,50,1,0,0
5,1,51,0,0,1
5,1,54,1,0,0
5,1,68,1,0,0
5,1,75,0,0,0
5,1,84,1,0,1
5,1,85,0,0,1
5,1,89,0,0,0
5,1,90,0,0,1
5,1,92,1,0,0
5,1,93,1,0,1
5,1,96,0,0,1
5,1,101,0,0,0
5,1,104,1,0,1
5,1,106,1,0,0
5,1,109,1,0,0
5,1,117,1,0,0
5,1,120,0,0,0
5,1,134,1,0,1
5,1,155,0,0,1
5,1,158,0,0,1
5,1,170,1,0,0
5,1,172,0,0,0
5,1,182,0,0,0
5,1,185,1,0,0
5,1,187,0,0,0
5,1,188,1,0,1
5,2,6,0,0,1
5,2,10,0,0,1
5,2,36,0,0,1
5,2,39,0,0,1
5,2,40,0,0,0
5,2,43,0,0,0
5,2,49,0,0,1
5,2,58,0,0,1
5,2,59,1,0,1
5,2,63,0,0,1
5,2,64,0,0,0
5,2,73,0,0,1
5,2,83,1,0,1
5,2,87,0,0,0
5,2,95,0,0,0
5,2,97,1,0,1
5,2,99,0,0,0
5,2,105,0,0,0
5,2,110,1,0,1
5,2,114,0,0,0
5,2,118,0,0,0
5,2,121,1,0,0
5,2,122,0,0,1
5,2,123,0,0,0
5,2,124,1,0,0
5,2,130,0,0,1
5,2,131,0,0,1
5,2,133,1,0,0
5,2,136,1,0,1
5,2,152,0,0,0
5,2,154,0,0,1
5,2,159,0,0,1
5,2,161,0,0,0
5,2,166,1,0,0
5,2,169,1,0,1
5,2,180,0,0,1
5,2,183,0,0,0
5,2,184,0,0,0
5,2,193,0,0,0
5,2,194,0,0,0
5,2,203,0,0,0
5,2,204,0,0,1
5,3,1,0,0,0
5,3,3,0,0,1
5,3,4,0,0,0
5,3,7,1,0,0
5,3,14,1,0,0
5,3,19,1,0,1
5,3,24,1,0,1
5,3,27,1,0,0
5,3,28,0,0,0
5,3,37,0,0,1
5,3,48,0,0,0
5,3,52,0,0,0
5,3,60,1,0,0
5,3,61,1,0,0
5,3,70,0,0,0
5,3,74,0,0,1
5,3,78,0,0,0
5,3,79,0,0,0
5,3,80,0,0,0
5,3,81,0,0,0
5,3,102,1,0,0
5,3,116,0,0,0
5,3,126,1,0,0
5,3,128,1,0,0
5,3,132,0,0,1
5,3,137,1,0,1
5,3,138,0,0,1
5,3,143,0,0,0
5,3,163,0,0,1
5,3,168,0,0,1
5,3,173,0,0,0
5,3,175,1,0,0
5,3,176,0,0,0
5,3,177,1,0,1
5,3,178,0,0,0
5,3,179,1,0,0
5,3,186,0,0,0
5,3,191,0,0,1
5,3,195,0,0,0
5,3,205,0,0,0
5,3,207,0,0,0
5,3,208,0,0,0
5,4,5,0,0,1
5,4,8,0,0,0
5,4,11,1,0,0
5,4,12,0,0,1
5,4,18,0,0,0
5,4,20,0,0,0
5,4,22,0,0,0
5,4,25,1,0,1
5,4,29,1,0,0
5,4,31,0,0,0
5,4,33,0,0,1
5,4,53,0,0,1
5,4,55,0,0,0
5,4,62,0,0,0
5,4,65,0,0,1
5,4,66,0,0,0
5,4,76,0,0,0
5,4,82,0,0,1
5,4,88,1,0,0
5,4,91,0,0,1
5,4,94,1,0,1
5,4,100,0,0,1
5,4,108,1,0,1
5,4,129,1,0,0
5,4,140,0,0,1
5,4,145,1,0,0
5,4,148,1,0,0
5,4,151,0,0,1
5,4,156,1,0,0
5,4,157,0,0,0
5,4,162,1,0,1
5,4,165,0,0,0
5,4,167,0,0,1
5,4,171,1,0,0
5,4,174,1,0,1
5,4,181,0,0,1
5,4,190,0,0,0
5,4,198,0,0,1
5,4,199,0,0,0
5,4,200,1,0,0
5,4,202,0,0,0
5,4,206,0,0,0
5,5,0,0,0,0
5,5,23,0,0,0
5,5,30,0,0,0
5,5,34,0,0,0
5,5,41,1,0,0
5,5,42,1,0,1
5,5,56,1,0,1
5,5,57,1,0,0
5,5,67,0,0,0
5,5,69,0,0,1
5,5,71,1,0,1
5,5,72,0,0,0
5,5,77,0,0,1
5,5,86,0,0,0
5,5,98,0,0,0
5,5,103,0,0,1
5,5,107,1,0,0
5,5,111,1,0,0
5,5,112,0,0,0
5,5,113,0,0,0
5,5,115,0,0,0
5,5,119,0,0,1
5,5,125,0,0,0
5,5,127,0,0,0
5,5,135,1,0,0
5,5,139,0,0,1
5,5,141,0,0,0
5,5,142,1,0,1
5,5,144,1,0,1
5,5,146,1,0,0
5,5,147,0,0,0
5,5,149,1,0,1
5,5,150,0,0,0
5,5,153,1,0,1
5,5,160,0,0,0
5,5,164,1,0,0
5,5,189,0,0,0
5,5,192,1,0,0
5,5,196,0,0,0
5,5,197,1,0,1
5,5,201,0,0,0
6,1,2,1,0,0
6,1,5,0,0,0
6,1,12,0,0,1
6,1,18,0,0,1
6,1,22,0,0,0
6,1,23,0,0,1
6,1,25,1,0,0
6,1,29,1,0,0
6,1,30,0,0,1
6,1,42,1,0,1
6,1,44,0,0,0
6,1,46,0,0,1
6,1,48,0,0,1
6,1,53,0,0,0
6,1,54,1,0,0
6,1,57,1,0,0
6,1,61,1,0,1
6,1,62,0,0,0
6,1,65,0,0,0
6,1,66,0,0,1
6,1,67,0,0,0
6,1,69,0,0,0
6,1,70,0,0,0
6,1,73,0,0,1
6,1,75,0,0,1
6,1,78,0,0,0
6,1,82,0,0,0
6,1,85,0,0,1
6,1,89,0,0,1
6,1,102,1,0,1
6,1,120,0,0,0
6,1,124,1,0,0
6,1,125,0,0,0
6,1,137,1,0,0
6,1,153,1,0,1
6,1,163,0,0,1
6,1,169,1,0,0
6,1,184,0,0,1
6,1,186,0,0,0
6,1,199,0,0,0
6,1,200,1,0,1
6,1,206,0,0,0
6,2,6,0,0,0
6,2,10,0,0,1
6,2,11,1,0,1
6,2,24,1,0,1
6,2,27,1,0,1
6,2,36,0,0,0
6,2,38,1,0,1
6,2,41,1,0,1
6,2,63,0,0,1
6,2,68,1,0,0
6,2,84,1,0,1
6,2,88,1,0,0
6,2,91,0,0,0
6,2,93,1,0,1
6,2,100,0,0,0
6,2,105,0,0,1
6,2,106,1,0,1
6,2,112,0,0,0
6,2,114,0,0,1
6,2,116,0,0,0
6,2,123,0,0,0
6,2,126,1,0,1
6,2,129,1,0,1
6,2,139,0,0,1
6,2,143,0,0,0
6,2,146,1,0,1
6,2,147,0,0,1
6,2,151,0,0,1
6,2,159,0,0,1
6,2,165,0,0,0
6,2,170,1,0,1
6,2,171,1,0,0
6,2,175,1,0,0
6,2,176,0,0,1
6,2,177,1,0,1
6,2,181,0,0,1
6,2,185,1,0,0
6,2,192,1,0,0
6,2,195,0,0,0
6,2,198,0,0,1
6,2,201,0,0,0
6,2,205,0,0,0
6,3,0,0,0,1
6,3,13,1,0,1
6,3,14,1,0,1
6,3,16,0,0,0
6,3,20,0,0,0
6,3,26,0,0,1
6,3,31,0,0,1
6,3,32,0,0,1
6,3,33,0,0,0
6,3,35,0,0,1
6,3,40,0,0,1
6,3,43,0,0,1
6,3,47,1,0,1
6,3,50,1,0,0
6,3,55,0,0,1
6,3,56,1,0,0
6,3,59,1,0,1
6,3,80,0,0,1
6,3,81,0,0,1
6,3,87,0,0,1
6,3,97,1,0,0
6,3,98,0,0,0
6,3,103,0,0,0
6,3,108,1,0,1
6,3,110,1,0,1
6,3,113,0,0,1
6,3,115,0,0,0
6,3,117,1,0,1
6,3,118,0,0,0
6,3,127,0,0,1
6,3,128,1,0,0
6,3,138,0,0,0
6,3,152,0,0,0
6,3,157,0,0,0
6,3,158,0,0,1
6,3,162,1,0,1
6,3,182,0,0,1
6,3,194,0,0,0
6,3,196,0,0,0
6,3,202,0,0,0
6,3,203,0,0,0
6,3,208,0,0,1
6,4,4,0,0,0
6,4,8,0,0,1
6,4,9,0,0,0
6,4,17,0,0,0
6,4,19,1,0,1
6,4,21,0,0,1
6,4,45,0,0,1
6,4,52,0,0,0
6,4,58,0,0,1
6,4,60,1,0,0
6,4,64,0,0,1
6,4,71,1,0,1
6,4,76,0,0,0
6,4,79,0,0,1
6,4,86,0,0,0
6,4,90,0,0,1
6,4,95,0,0,0
6,4,101,0,0,1
6,4,104,1,0,1
6,4,109,1,0,0
6,4,111,1,0,0
6,4,119,0,0,1
6,4,122,0,0,0
6,4,132,0,0,1
6,4,134,1,0,0
6,4,141,0,0,1
6,4,142,1,0,0
6,4,148,1,0,0
6,4,150,0,0,0
6,4,155,0,0,1
6,4,166,1,0,1
6,4,167,0,0,0
6,4,172,0,0,1
6,4,173,0,0,0
6,4,183,0,0,1
6,4,187,0,0,0
6,4,188,1,0,0
6,4,190,0,0,0
6,4,191,0,0,0
6,4,197,1,0,1
6,4,204,0,0,1
6,4,207,0,0,1
6,5,1,0,0,0
6,5,3,0,0,0
6,5,7,1,0,0
6,5,15,0,0,1
6,5,28,0,0,1
6,5,34,0,0,0
6,5,37,0,0,0
6,5,39,0,0,0
6,5,49,0,0,0
6,5,51,0,0,0
6,5,72,0,0,1
6,5,74,0,0,1
6,5,77,0,0,1
6,5,83,1,0,1
6,5,92,1,0,0
6,5,94,1,0,1
6,5,96,0,0,0
6,5,99,0,0,1
6,5,107,1,0,0
6,5,121,1,0,1
6,5,130,0,0,0
6,5,131,0,0,1
6,5,133,1,0,1
6,5,135,1,0,0
6,5,136,1,0,1
6,5,140,0,0,0
6,5,144,1,0,0
6,5,145,1,0,1
6,5,149,1,0,1
6,5,154,0,0,0
6,5,156,1,0,0
6,5,160,0,0,0
6,5,161,0,0,0
6,5,164,1,0,0
6,5,168,0,0,0
6,5,174,1,0,1
6,5,178,0,0,0
6,5,179,1,0,0
6,5,180,0,0,0
6,5,189,0,0,0
6,5,193,0,0,0
7,1,1,0,0,1
7,1,6,0,0,0
7,1,9,0,0,1
7,1,12,0,0,1
7,1,27,1,0,0
7,1,28,0,0,0
7,1,32,0,0,0
7,1,34,0,0,1
7,1,40,0,0,0
7,1,41,1,0,0
7,1,43,0,0,0
7,1,46,0,0,1
7,1,48,0,0,0
7,1,56,1,0,1
7,1,59,1,0,1
7,1,61,1,0,1
7,1,71,1,0,1
7,1,77,0,0,1
7,1,84,1,0,1
7,1,87,0,0,0
7,1,100,0,0,0
7,1,104,1,0,1
7,1,107,1,0,1
7,1,108,1,0,1
7,1,109,1,0,0
7,1,114,0,0,1
7,1,120,0,0,0
7,1,142,1,0,0
7,1,149,1,0,0
7,1,150,0,0,1
7,1,153,1,0,0
7,1,167,0,0,1
7,1,172,0,0,0
7,1,177,1,0,1
7,1,185,1,0,0
7,1,186,0,0,0
7,1,192,1,0,0
7,1,201,0,0,0
7,1,202,0,0,0
7,1,205,0,0,1
7,1,207,0,0,0
7,1,208,0,0,0
7,2,3,0,0,0
7,2,8,0,0,0
7,2,13,1,0,0
7,2,15,0,0,0
7,2,19,1,0,1
7,2,30,0,0,1
7,2,31,0,0,1
7,2,33,0,0,1
7,2,37,0,0,0
7,2,45,0,0,1
7,2,50,1,0,1
7,2,53,0,0,1
7,2,54,1,0,1
7,2,55,0,0,0
7,2,75,0,0,1
7,2,76,0,0,0
7,2,78,0,0,0
7,2,90,0,0,1
7,2,105,0,0,1
7,2,106,1,0,0
7,2,118,0,0,0
7,2,125,0,0,0
7,2,128,1,0,1
7,2,133,1,0,1
7,2,135,1,0,0
7,2,136,1,0,1
7,2,137,1,0,1
7,2,139,0,0,0
7,2,143,0,0,0
7,2,155,0,0,1
7,2,159,0,0,1
7,2,160,0,0,0
7,2,162,1,0,1
7,2,165,0,0,0
7,2,168,0,0,0
7,2,181,0,0,1
7,2,183,0,0,1
7,2,184,0,0,0
7,2,187,0,0,0
7,2,189,0,0,0
7,2,191,0,0,1
7,2,199,0,0,1
7,3,7,1,0,0
7,3,10,0,0,0
7,3,14,1,0,0
7,3,21,0,0,0
7,3,22,0,0,0
7,3,35,0,0,1
7,3,39,0,0,0
7,3,44,0,0,0
7,3,52,0,0,1
7,3,58,0,0,0
7,3,65,0,0,0
7,3,74,0,0,1
7,3,79,0,0,0
7,3,80,0,0,0
7,3,83,1,0,0
7,3,85,0,0,0
7,3,86,0,0,1
7,3,93,1,0,1
7,3,94,1,0,1
7,3,101,0,0,1
7,3,103,0,0,1
7,3,111,1,0,1
7,3,113,0,0,1
7,3,115,0,0,0
7,3,116,0,0,0
7,3,123,0,0,0
7,3,129,1,0,1
7,3,141,0,0,0
7,3,152,0,0,0
7,3,154,0,0,0
7,3,157,0,0,0
7,3,158,0,0,0
7,3,163,0,0,1
7,3,164,1,0,1
7,3,166,1,0,1
7,3,169,1,0,1
7,3,175,1,0,0
7,3,182,0,0,0
7,3,194,0,0,0
7,3,195,0,0,1
7,3,197,1,0,1
7,3,203,0,0,0
7,4,4,0,0,0
7,4,5,0,0,0
7,4,11,1,0,0
7,4,17,0,0,0
7,4,20,0,0,1
7,4,23,0,0,1
7,4,25,1,0,0
7,4,26,0,0,0
7,4,29,1,0,0
7,4,36,0,0,0
7,4,47,1,0,0
7,4,49,0,0,0
7,4,62,0,0,0
7,4,63,0,0,0
7,4,66,0,0,0
7,4,69,0,0,0
7,4,73,0,0,1
7,4,82,0,0,0
7,4,88,1,0,0
7,4,92,1,0,0
7,4,110,1,0,1
7,4,119,0,0,0
7,4,121,1,0,0
7,4,124,1,0,1
7,4,127,0,0,0
7,4,131,0,0,0
7,4,132,0,0,0
7,4,134,1,0,1
7,4,144,1,0,0
7,4,146,1,0,0
7,4,151,0,0,0
7,4,170,1,0,0
7,4,171,1,0,0
7,4,174,1,0,1
7,4,179,1,0,0
7,4,180,0,0,0
7,4,190,0,0,0
7,4,193,0,0,0
7,4,196,0,0,1
7,4,198,0,0,1
7,4,200,1,0,0
7,4,206,0,0,0
7,5,0,0,0,1
7,5,2,1,0,1
7,5,16,0,0,0
7,5,18,0,0,0
7,5,24,1,0,1
7,5,38,1,0,0
7,5,42,1,0,0
7,5,51,0,0,0
7,5,57,1,0,1
7,5,60,1,0,0
7,5,64,0,0,0
7,5,67,0,0,0
7,5,68,1,0,0
7,5,70,0,0,0
7,5,72,0,0,1
7,5,81,0,0,1
7,5,89,0,0,0
7,5,91,0,0,1
7,5,95,0,0,1
7,5,96,0,0,0
7,5,97,1,0,0
7,5,98,0,0,0
7,5,99,0,0,1
7,5,102,1,0,0
7,5,112,0,0,0
7,5,117,1,0,0
7,5,122,0,0,0
7,5,126,1,0,0
7,5,130,0,0,0
7,5,138,0,0,0
7,5,140,0,0,1
7,5,145,1,0,0
7,5,147,0,0,0
7,5,148,1,0,0
7,5,156,1,0,1
7,5,161,0,0,0
7,5,173,0,0,0
7,5,176,0,0,0
7,5,178,0,0,0
7,5,188,1,0,0
7,5,204,0,0,1
8,1,0,0,0,1
8,1,8,0,0,1
8,1,22,0,0,0
8,1,24,1,0,0
8,1,27,1,0,1
8,1,29,1,0,0
8,1,33,0,0,1
8,1,35,0,0,1
8,1,40,0,0,1
8,1,57,1,0,1
8,1,84,1,0,0
8,1,99,0,0,0
8,1,107,1,0,1
8,1,108,1,0,1
8,1,113,0,0,0
8,1,118,0,0,1
8,1,121,1,0,1
8,1,131,0,0,1
8,1,132,0,0,0
8,1,135,1,0,1
8,1,138,0,0,0
8,1,140,0,0,1
8,1,142,1,0,0
8,1,146,1,0,0
8,1,148,1,0,1
8,1,151,0,0,0
8,1,160,0,0,0
8,1,162,1,0,1
8,1,164,1,0,0
8,1,165,0,0,0
8,1,170,1,0,1
8,1,173,0,0,0
8,1,184,0,0,0
8,1,185,1,0,0
8,1,190,0,0,0
8,1,191,0,0,0
8,1,193,0,0,0
8,1,198,0,0,1
8,1,202,0,0,0
8,1,204,0,0,1
8,1,205,0,0,1
8,1,206,0,0,1
8,2,2,1,0,1
8,2,6,0,0,0
8,2,9,0,0,1
8,2,11,1,0,0
8,2,15,0,0,0
8,2,17,0,0,0
8,2,21,0,0,1
8,2,23,0,0,0
8,2,25,1,0,0
8,2,30,0,0,0
8,2,39,0,0,1
8,2,41,1,0,0
8,2,47,1,0,0
8,2,50,1,0,1
8,2,53,0,0,0
8,2,66,0,0,0
8,2,68,1,0,0
8,2,69,0,0,0
8,2,78,0,0,1
8,2,81,0,0,0
8,2,82,0,0,0
8,2,85,0,0,0
8,2,89,0,0,1
8,2,102,1,0,0
8,2,112,0,0,0
8,2,115,0,0,0
8,2,116,0,0,0
8,2,123,0,0,0
8,2,124,1,0,1
8,2,125,0,0,0
8,2,126,1,0,1
8,2,128,1,0,0
8,2,130,0,0,1
8,2,150,0,0,0
8,2,154,0,0,0
8,2,157,0,0,0
8,2,159,0,0,1
8,2,169,1,0,0
8,2,171,1,0,1
8,2,179,1,0,0
8,2,188,1,0,1
8,2,199,0,0,1
8,3,7,1,0,0
8,3,12,0,0,1
8,3,13,1,0,0
8,3,31,0,0,1
8,3,45,0,0,0
8,3,46,0,0,1
8,3,51,0,0,1
8,3,52,0,0,1
8,3,59,1,0,1
8,3,63,0,0,0
8,3,67,0,0,1
8,3,70,0,0,1
8,3,74,0,0,1
8,3,76,0,0,0
8,3,83,1,0,1
8,3,87,0,0,0
8,3,90,0,0,0
8,3,91,0,0,0
8,3,92,1,0,0
8,3,96,0,0,0
8,3,97,1,0,0
8,3,98,0,0,0
8,3,120,0,0,0
8,3,127,0,0,1
8,3,129,1,0,0
8,3,133,1,0,0
8,3,137,1,0,0
8,3,143,0,0,0
8,3,145,1,0,1
8,3,147,0,0,1
8,3,149,1,0,0
8,3,166,1,0,0
8,3,167,0,0,1
8,3,175,1,0,1
8,3,176,0,0,1
8,3,177,1,0,1
8,3,181,0,0,1
8,3,187,0,0,1
8,3,189,0,0,0
8,3,201,0,0,1
8,3,203,0,0,0
8,3,208,0,0,0
8,4,1,0,0,0
8,4,3,0,0,1
8,4,4,0,0,0
8,4,5,0,0,0
8,4,18,0,0,0
8,4,19,1,0,0
8,4,26,0,0,0
8,4,28,0,0,1
8,4,32,0,0,1
8,4,36,0,0,0
8,4,38,1,0,0
8,4,42,1,0,0
8,4,43,0,0,0
8,4,49,0,0,0
8,4,54,1,0,1
8,4,61,1,0,1
8,4,62,0,0,0
8,4,64,0,0,1
8,4,71,1,0,1
8,4,73,0,0,0
8,4,75,0,0,1
8,4,79,0,0,0
8,4,86,0,0,1
8,4,94,1,0,0
8,4,100,0,0,1
8,4,103,0,0,1
8,4,109,1,0,0
8,4,110,1,0,0
8,4,114,0,0,1
8,4,117,1,0,0
8,4,119,0,0,1
8,4,144,1,0,0
8,4,156,1,0,0
8,4,163,0,0,1
8,4,168,0,0,0
8,4,172,0,0,1
8,4,174,1,0,0
8,4,183,0,0,0
8,4,186,0,0,0
8,4,192,1,0,1
8,4,196,0,0,1
8,4,207,0,0,0
8,5,10,0,0,1
8,5,14,1,0,0
8,5,16,0,0,0
8,5,20,0,0,0
8,5,34,0,0,1
8,5,37,0,0,0
8,5,44,0,0,0
8,5,48,0,0,0
8,5,55,0,0,1
8,5,56,1,0,1
8,5,58,0,0,0
8,5,60,1,0,0
8,5,65,0,0,0
8,5,72,0,0,0
8,5,77,0,0,1
8,5,80,0,0,0
8,5,88,1,0,1
8,5,93,1,0,1
8,5,95,0,0,0
8,5,101,0,0,0
8,5,104,1,0,1
8,5,105,0,0,1
8,5,106,1,0,0
8,5,111,1,0,0
8,5,122,0,0,1
8,5,134,1,0,0
8,5,136,1,0,1
8,5,139,0,0,0
8,5,141,0,0,1
8,5,152,0,0,0
8,5,153,1,0,0
8,5,155,0,0,1
8,5,158,0,0,0
8,5,161,0,0,0
8,5,178,0,0,1
8,5,180,0,0,1
8,5,182,0,0,1
8,5,194,0,0,0
8,5,195,0,0,1
8,5,197,1,0,0
8,5,200,1,0,0
9,1,9,0,0,1
9,1,11,1,0,1
9,1,12,0,0,1
9,1,15,0,0,1
9,1,17,0,0,0
9,1,20,0,0,1
9,1,24,1,0,1
9,1,32,0,0,1
9,1,40,0,0,1
9,1,42,1,0,0
9,1,48,0,0,0
9,1,49,0,0,1
9,1,52,0,0,0
9,1,54,1,0,0
9,1,58,0,0,1
9,1,64,0,0,0
9,1,76,0,0,0
9,1,80,0,0,0
9,1,96,0,0,0
9,1,101,0,0,0
9,1,130,0,0,1
9,1,134,1,0,1
9,1,143,0,0,1
9,1,144,1,0,1
9,1,146,1,0,1
9,1,147,0,0,1
9,1,149,1,0,1
9,1,150,0,0,1
9,1,152,0,0,0
9,1,158,0,0,0
9,1,159,0,0,0
9,1,162,1,0,0
9,1,169,1,0,0
9,1,173,0,0,0
9,1,177,1,0,1
9,1,178,0,0,1
9,1,181,0,0,1
9,1,190,0,0,0
9,1,191,0,0,0
9,1,192,1,0,0
9,1,195,0,0,0
9,1,204,0,0,1
9,2,1,0,0,1
9,2,5,0,0,0
9,2,8,0,0,0
9,2,10,0,0,1
9,2,22,0,0,0
9,2,27,1,0,0
9,2,38,1,0,0
9,2,41,1,0,0
9,2,45,0,0,0
9,2,60,1,0,1
9,2,75,0,0,1
9,2,77,0,0,0
9,2,83,1,0,0
9,2,84,1,0,1
9,2,92,1,0,0
9,2,97,1,0,0
9,2,98,0,0,1
9,2,105,0,0,1
9,2,109,1,0,0
9,2,111,1,0,1
9,2,117,1,0,1
9,2,121,1,0,0
9,2,125,0,0,0
9,2,127,0,0,1
9,2,128,1,0,1
9,2,132,0,0,0
9,2,133,1,0,1
9,2,141,0,0,1
9,2,145,1,0,0
9,2,154,0,0,0
9,2,156,1,0,1
9,2,160,0,0,0
9,2,164,1,0,0
9,2,175,1,0,1
9,2,176,0,0,1
9,2,179,1,0,0
9,2,182,0,0,0
9,2,183,0,0,0
9,2,184,0,0,0
9,2,189,0,0,0
9,2,193,0,0,0
9,2,198,0,0,0
9,3,0,0,0,1
9,3,3,0,0,0
9,3,6,0,0,1
9,3,7,1,0,1
9,3,13,1,0,1
9,3,25,1,0,1
9,3,30,0,0,0
9,3,34,0,0,1
9,3,36,0,0,0
9,3,46,0,0,1
9,3,50,1,0,1
9,3,57,1,0,0
9,3,63,0,0,1
9,3,66,0,0,1
9,3,68,1,0,0
9,3,72,0,0,0
9,3,78,0,0,1
9,3,85,0,0,0
9,3,89,0,0,1
9,3,93,1,0,1
9,3,94,1,0,1
9,3,100,0,0,1
9,3,103,0,0,1
9,3,107,1,0,1
9,3,110,1,0,0
9,3,112,0,0,1
9,3,113,0,0,0
9,3,114,0,0,0
9,3,126,1,0,1
9,3,129,1,0,0
9,3,135,1,0,0
9,3,136,1,0,0
9,3,138,0,0,1
9,3,140,0,0,0
9,3,148,1,0,1
9,3,151,0,0,0
9,3,157,0,0,0
9,3,172,0,0,1
9,3,180,0,0,0
9,3,186,0,0,0
9,3,188,1,0,0
9,3,200,1,0,0
9,4,4,0,0,0
9,4,18,0,0,0
9,4,19,1,0,1
9,4,23,0,0,0
9,4,28,0,0,1
9,4,29,1,0,0
9,4,31,0,0,0
9,4,35,0,0,0
9,4,39,0,0,1
9,4,51,0,0,1
9,4,59,1,0,1
9,4,62,0,0,0
9,4,65,0,0,1
9,4,67,0,0,1
9,4,88,1,0,0
9,4,91,0,0,0
9,4,95,0,0,0
9,4,99,0,0,1
9,4,102,1,0,0
9,4,106,1,0,0
9,4,108,1,0,1
9,4,115,0,0,1
9,4,116,0,0,0
9,4,120,0,0,1
9,4,122,0,0,0
9,4,124,1,0,1
9,4,131,0,0,0
9,4,137,1,0,0
9,4,139,0,0,0
9,4,142,1,0,0
9,4,155,0,0,0
9,4,163,0,0,1
9,4,166,1,0,1
9,4,167,0,0,0
9,4,170,1,0,0
9,4,174,1,0,0
9,4,185,1,0,1
9,4,199,0,0,0
9,4,202,0,0,0
9,4,206,0,0,0
9,4,207,0,0,1
9,4,208,0,0,0
9,5,2,1,0,1
9,5,14,1,0,0
9,5,16,0,0,0
9,5,21,0,0,1
9,5,26,0,0,0
9,5,33,0,0,1
9,5,37,0,0,0
9,5,43,0,0,0
9,5,44,0,0,1
9,5,47,1,0,0
9,5,53,0,0,1
9,5,55,0,0,0
9,5,56,1,0,1
9,5,61,1,0,0
9,5,69,0,0,0
9,5,70,0,0,0
9,5,71,1,0,1
9,5,73,0,0,0
9,5,74,0,0,0
9,5,79,0,0,1
9,5,81,0,0,0
9,5,82,0,0,1
9,5,86,0,0,0
9,5,87,0,0,0
9,5,90,0,0,1
9,5,104,1,0,1
9,5,118,0,0,0
9,5,119,0,0,1
9,5,123,0,0,1
9,5,153,1,0,0
9,5,161,0,0,0
9,5,165,0,0,0
9,5,168,0,0,1
9,5,171,1,0,1
9,5,187,0,0,1
9,5,194,0,0,0
9,5,196,0,0,1
9,5,197,1,0,0
9,5,201,0,0,0
9,5,203,0,0,0
9,5,205,0,0,0
10,1,1,0,0,1
10,1,2,1,0,0
10,1,3,0,0,0
10,1,5,0,0,1
10,1,7,1,0,0
10,1,11,1,0,0
10,1,16,0,0,0
10,1,18,0,0,0
10,1,21,0,0,0
10,1,23,0,0,0
10,1,24,1,0,1
10,1,33,0,0,0
10,1,40,0,0,0
10,1,42,1,0,1
10,1,59,1,0,1
10,1,65,0,0,0
10,1,66,0,0,0
10,1,68,1,0,0
10,1,69,0,0,0
10,1,70,0,0,0
10,1,73,0,0,1
10,1,76,0,0,0
10,1,77,0,0,0
10,1,78,0,0,0
10,1,85,0,0,0
10,1,101,0,0,0
10,1,109,1,0,1
10,1,111,1,0,1
10,1,121,1,0,0
10,1,126,1,0,0
10,1,128,1,0,0
10,1,136,1,0,1
10,1,158,0,0,0
10,1,161,0,0,0
10,1,163,0,0,0
10,1,169,1,0,0
10,1,174,1,0,0
10,1,179,1,0,0
10,1,182,0,0,0
10,1,183,0,0,0
10,1,187,0,0,0
10,1,201,0,0,0
10,2,4,0,0,1
10,2,8,0,0,0
10,2,12,0,0,0
10,2,15,0,0,1
10,2,20,0,0,0
10,2,22,0,0,1
10,2,25,1,0,1
10,2,28,0,0,0
10,2,29,1,0,1
10,2,30,0,0,1
10,2,36,0,0,0
10,2,38,1,0,0
10,2,39,0,0,0
10,2,45,0,0,0
10,2,47,1,0,0
10,2,55,0,0,1
10,2,72,0,0,0
10,2,74,0,0,0
10,2,80,0,0,1
10,2,82,0,0,0
10,2,86,0,0,1
10,2,90,0,0,0
10,2,98,0,0,0
10,2,100,0,0,0
10,2,102,1,0,0
10,2,106,1,0,1
10,2,108,1,0,0
10,2,112,0,0,0
10,2,114,0,0,0
10,2,123,0,0,1
10,2,129,1,0,1
10,2,132,0,0,0
10,2,135,1,0,0
10,2,146,1,0,1
10,2,152,0,0,0
10,2,165,0,0,0
10,2,177,1,0,1
10,2,178,0,0,0
10,2,184,0,0,0
10,2,185,1,0,0
10,2,196,0,0,0
10,2,199,0,0,0
10,3,13,1,0,1
10,3,14,1,0,0
10,3,49,0,0,1
10,3,54,1,0,1
10,3,56,1,0,1
10,3,60,1,0,1
10,3,71,1,0,1
10,3,75,0,0,1
10,3,83,1,0,1
10,3,91,0,0,1
10,3,95,0,0,1
10,3,96,0,0,0
10,3,99,0,0,0
10,3,103,0,0,0
10,3,107,1,0,0
10,3,110,1,0,0
10,3,119,0,0,0
10,3,122,0,0,0
10,3,130,0,0,1
10,3,133,1,0,0
10,3,134,1,0,0
10,3,139,0,0,0
10,3,144,1,0,0
10,3,147,0,0,1
10,3,148,1,0,0
10,3,157,0,0,0
10,3,159,0,0,1
10,3,162,1,0,0
10,3,164,1,0,0
10,3,166,1,0,0
10,3,167,0,0,0
10,3,171,1,0,0
10,3,188,1,0,0
10,3,189,0,0,0
10,3,190,0,0,0
10,3,191,0,0,0
10,3,192,1,0,0
10,3,193,0,0,0
10,3,202,0,0,0
10,3,203,0,0,0
10,3,206,0,0,0
10,3,207,0,0,0
10,4,6,0,0,1
10,4,9,0,0,0
10,4,10,0,0,1
10,4,17,0,0,0
10,4,26,0,0,0
10,4,27,1,0,1
10,4,32,0,0,1
10,4,34,0,0,0
10,4,37,0,0,0
10,4,44,0,0,0
10,4,50,1,0,0
10,4,51,0,0,1
10,4,53,0,0,1
10,4,61,1,0,1
10,4,62,0,0,0
10,4,63,0,0,0
10,4,79,0,0,0
10,4,89,0,0,1
10,4,92,1,0,1
10,4,94,1,0,1
10,4,104,1,0,1
10,4,113,0,0,1
10,4,115,0,0,1
10,4,120,0,0,0
10,4,124,1,0,1
10,4,125,0,0,0
10,4,127,0,0,1
10,4,137,1,0,0
10,4,140,0,0,1
10,4,141,0,0,0
10,4,145,1,0,1
10,4,149,1,0,1
10,4,150,0,0,1
10,4,155,0,0,1
10,4,160,0,0,0
10,4,170,1,0,0
10,4,172,0,0,1
10,4,173,0,0,1
10,4,194,0,0,0
10,4,200,1,0,1
10,4,204,0,0,1
10,4,208,0,0,1
10,5,0,0,0,0
10,5,19,1,0,0
10,5,31,0,0,1
10,5,35,0,0,1
10,5,41,1,0,0
10,5,43,0,0,0
10,5,46,0,0,1
10,5,48,0,0,0
10,5,52,0,0,1
10,5,57,1,0,1
10,5,58,0,0,1
10,5,64,0,0,1
10,5,67,0,0,1
10,5,81,0,0,0
10,5,84,1,0,0
10,5,87,0,0,0
10,5,88,1,0,0
10,5,93,1,0,1
10,5,97,1,0,1
10,5,105,0,0,1
10,5,116,0,0,0
10,5,117,1,0,1
10,5,118,0,0,1
10,5,131,0,0,0
10,5,138,0,0,1
10,5,142,1,0,1
10,5,143,0,0,1
10,5,151,0,0,0
10,5,153,1,0,0
10,5,154,0,0,0
10,5,156,1,0,1
10,5,168,0,0,1
10,5,175,1,0,1
10,5,176,0,0,1
10,5,180,0,0,0
10,5,181,0,0,1
10,5,186,0,0,0
10,5,195,0,0,0
10,5,197,1,0,1
10,5,198,0,0,1
10,5,205,0,0,1
